{
  "phone_number": {
    "precision": 1.0,
    "recall": 1.0,
    "f1-score": 1.0,
    "support": 6,
    "confused_with": {}
  },
  "pizza_size": {
    "precision": 0.9523809523809523,
    "recall": 0.975609756097561,
    "f1-score": 0.963855421686747,
    "support": 41,
    "confused_with": {}
  },
  "pizza_crust": {
    "precision": 1.0,
    "recall": 1.0,
    "f1-score": 1.0,
    "support": 17,
    "confused_with": {}
  },
  "pizza_type": {
    "precision": 0.9607843137254902,
    "recall": 0.98,
    "f1-score": 0.9702970297029702,
    "support": 50,
    "confused_with": {}
  },
  "possible_promotion": {
    "precision": 0.9305555555555556,
    "recall": 0.8589743589743589,
    "f1-score": 0.8933333333333334,
    "support": 78,
    "confused_with": {
      "pizza_amount": 9
    }
  },
  "client_name": {
    "precision": 1.0,
    "recall": 0.7857142857142857,
    "f1-score": 0.88,
    "support": 14,
    "confused_with": {
      "delivery_address": 1
    }
  },
  "delivery_address": {
    "precision": 0.9696969696969697,
    "recall": 0.8421052631578947,
    "f1-score": 0.9014084507042254,
    "support": 38,
    "confused_with": {
      "pizza_type": 2
    }
  },
  "pizza_amount": {
    "precision": 0.7857142857142857,
    "recall": 1.0,
    "f1-score": 0.88,
    "support": 33,
    "confused_with": {}
  },
  "micro avg": {
    "precision": 0.9306569343065694,
    "recall": 0.9205776173285198,
    "f1-score": 0.9255898366606171,
    "support": 277
  },
  "macro avg": {
    "precision": 0.9498915096341567,
    "recall": 0.9303004579930125,
    "f1-score": 0.9361117794284095,
    "support": 277
  },
  "weighted avg": {
    "precision": 0.936632578860228,
    "recall": 0.9205776173285198,
    "f1-score": 0.9253662270796597,
    "support": 277
  },
  "accuracy": 0.9688841201716738
}