{
  "phone_number": {
    "precision": 1.0,
    "recall": 1.0,
    "f1-score": 1.0,
    "support": 6,
    "confused_with": {}
  },
  "pizza_size": {
    "precision": 0.9047619047619048,
    "recall": 0.926829268292683,
    "f1-score": 0.9156626506024096,
    "support": 41,
    "confused_with": {
      "possible_promotion": 1
    }
  },
  "pizza_crust": {
    "precision": 1.0,
    "recall": 1.0,
    "f1-score": 1.0,
    "support": 15,
    "confused_with": {}
  },
  "pizza_type": {
    "precision": 0.8627450980392157,
    "recall": 0.9565217391304348,
    "f1-score": 0.9072164948453608,
    "support": 46,
    "confused_with": {
      "pizza_size": 1,
      "delivery_address": 1
    }
  },
  "possible_promotion": {
    "precision": 0.8494623655913979,
    "recall": 0.9404761904761905,
    "f1-score": 0.8926553672316385,
    "support": 84,
    "confused_with": {
      "pizza_type": 1
    }
  },
  "client_name": {
    "precision": 0.9411764705882353,
    "recall": 0.7272727272727273,
    "f1-score": 0.8205128205128205,
    "support": 22,
    "confused_with": {
      "delivery_address": 3
    }
  },
  "delivery_address": {
    "precision": 0.8947368421052632,
    "recall": 0.9444444444444444,
    "f1-score": 0.918918918918919,
    "support": 36,
    "confused_with": {}
  },
  "pizza_amount": {
    "precision": 1.0,
    "recall": 0.8518518518518519,
    "f1-score": 0.92,
    "support": 27,
    "confused_with": {
      "possible_promotion": 4
    }
  },
  "micro avg": {
    "precision": 0.8947368421052632,
    "recall": 0.9205776173285198,
    "f1-score": 0.907473309608541,
    "support": 277
  },
  "macro avg": {
    "precision": 0.9316103351357521,
    "recall": 0.9184245276835414,
    "f1-score": 0.9218707815138936,
    "support": 277
  },
  "weighted avg": {
    "precision": 0.8991074367633578,
    "recall": 0.9205776173285198,
    "f1-score": 0.906965853492441,
    "support": 277
  },
  "accuracy": 0.9551569506726457
}