{
  "phone_number": {
    "precision": 1.0,
    "recall": 1.0,
    "f1-score": 1.0,
    "support": 6,
    "confused_with": {}
  },
  "pizza_crust": {
    "precision": 1.0,
    "recall": 1.0,
    "f1-score": 1.0,
    "support": 18,
    "confused_with": {}
  },
  "pizza_type": {
    "precision": 0.9824561403508771,
    "recall": 0.9180327868852459,
    "f1-score": 0.9491525423728813,
    "support": 61,
    "confused_with": {
      "possible_promotion": 1
    }
  },
  "pizza_size": {
    "precision": 0.95,
    "recall": 0.95,
    "f1-score": 0.9500000000000001,
    "support": 40,
    "confused_with": {}
  },
  "possible_promotion": {
    "precision": 0.9397590361445783,
    "recall": 1.0,
    "f1-score": 0.9689440993788819,
    "support": 78,
    "confused_with": {}
  },
  "client_name": {
    "precision": 0.9375,
    "recall": 0.8823529411764706,
    "f1-score": 0.9090909090909091,
    "support": 17,
    "confused_with": {}
  },
  "delivery_address": {
    "precision": 0.9767441860465116,
    "recall": 0.9545454545454546,
    "f1-score": 0.9655172413793104,
    "support": 44,
    "confused_with": {}
  },
  "pizza_amount": {
    "precision": 1.0,
    "recall": 1.0,
    "f1-score": 1.0,
    "support": 29,
    "confused_with": {}
  },
  "micro avg": {
    "precision": 0.9657534246575342,
    "recall": 0.962457337883959,
    "f1-score": 0.9641025641025641,
    "support": 293
  },
  "macro avg": {
    "precision": 0.9733074203177459,
    "recall": 0.9631163978258963,
    "f1-score": 0.9678380990277478,
    "support": 293
  },
  "weighted avg": {
    "precision": 0.9663661213881473,
    "recall": 0.962457337883959,
    "f1-score": 0.9638677437253708,
    "support": 293
  },
  "accuracy": 0.9794661190965093
}