{
  "phone_number": {
    "precision": 1.0,
    "recall": 1.0,
    "f1-score": 1.0,
    "support": 6,
    "confused_with": {}
  },
  "pizza_size": {
    "precision": 0.7959183673469388,
    "recall": 0.9512195121951219,
    "f1-score": 0.8666666666666666,
    "support": 41,
    "confused_with": {}
  },
  "pizza_crust": {
    "precision": 1.0,
    "recall": 1.0,
    "f1-score": 1.0,
    "support": 15,
    "confused_with": {}
  },
  "pizza_type": {
    "precision": 0.8113207547169812,
    "recall": 0.9347826086956522,
    "f1-score": 0.8686868686868686,
    "support": 46,
    "confused_with": {
      "pizza_size": 1
    }
  },
  "possible_promotion": {
    "precision": 0.9230769230769231,
    "recall": 0.2857142857142857,
    "f1-score": 0.43636363636363634,
    "support": 84,
    "confused_with": {
      "pizza_amount": 33
    }
  },
  "client_name": {
    "precision": 0.9375,
    "recall": 0.6818181818181818,
    "f1-score": 0.7894736842105263,
    "support": 22,
    "confused_with": {
      "pizza_type": 1
    }
  },
  "delivery_address": {
    "precision": 0.90625,
    "recall": 0.8055555555555556,
    "f1-score": 0.8529411764705882,
    "support": 36,
    "confused_with": {
      "pizza_size": 1
    }
  },
  "pizza_amount": {
    "precision": 0.42857142857142855,
    "recall": 1.0,
    "f1-score": 0.6,
    "support": 27,
    "confused_with": {}
  },
  "micro avg": {
    "precision": 0.7615384615384615,
    "recall": 0.7148014440433214,
    "f1-score": 0.7374301675977655,
    "support": 277
  },
  "macro avg": {
    "precision": 0.850329684214034,
    "recall": 0.8323862679973497,
    "f1-score": 0.8017665040497857,
    "support": 277
  },
  "weighted avg": {
    "precision": 0.8422862739642445,
    "recall": 0.7148014440433214,
    "f1-score": 0.7127140005525181,
    "support": 277
  },
  "accuracy": 0.8923766816143498
}