{
  "phone_number": {
    "precision": 1.0,
    "recall": 1.0,
    "f1-score": 1.0,
    "support": 6,
    "confused_with": {}
  },
  "pizza_size": {
    "precision": 0.9285714285714286,
    "recall": 0.9512195121951219,
    "f1-score": 0.9397590361445782,
    "support": 41,
    "confused_with": {
      "pizza_type": 1
    }
  },
  "pizza_crust": {
    "precision": 1.0,
    "recall": 1.0,
    "f1-score": 1.0,
    "support": 15,
    "confused_with": {}
  },
  "pizza_type": {
    "precision": 0.88,
    "recall": 0.9565217391304348,
    "f1-score": 0.9166666666666666,
    "support": 46,
    "confused_with": {
      "pizza_size": 1
    }
  },
  "possible_promotion": {
    "precision": 1.0,
    "recall": 0.9753086419753086,
    "f1-score": 0.9875,
    "support": 81,
    "confused_with": {
      "pizza_type": 1
    }
  },
  "client_name": {
    "precision": 1.0,
    "recall": 0.8636363636363636,
    "f1-score": 0.9268292682926829,
    "support": 22,
    "confused_with": {}
  },
  "delivery_address": {
    "precision": 1.0,
    "recall": 0.9696969696969697,
    "f1-score": 0.9846153846153847,
    "support": 33,
    "confused_with": {}
  },
  "pizza_amount": {
    "precision": 1.0,
    "recall": 1.0,
    "f1-score": 1.0,
    "support": 27,
    "confused_with": {}
  },
  "micro avg": {
    "precision": 0.9666666666666667,
    "recall": 0.9630996309963099,
    "f1-score": 0.9648798521256932,
    "support": 271
  },
  "macro avg": {
    "precision": 0.9760714285714286,
    "recall": 0.9645479033292748,
    "f1-score": 0.969421294464914,
    "support": 271
  },
  "weighted avg": {
    "precision": 0.9688244596731682,
    "recall": 0.9630996309963099,
    "f1-score": 0.9651912868757975,
    "support": 271
  },
  "accuracy": 0.9808383233532935
}