{
  "phone_number": {
    "precision": 1.0,
    "recall": 1.0,
    "f1-score": 1.0,
    "support": 6,
    "confused_with": {}
  },
  "pizza_size": {
    "precision": 0.9523809523809523,
    "recall": 0.975609756097561,
    "f1-score": 0.963855421686747,
    "support": 41,
    "confused_with": {}
  },
  "pizza_crust": {
    "precision": 1.0,
    "recall": 1.0,
    "f1-score": 1.0,
    "support": 17,
    "confused_with": {}
  },
  "pizza_type": {
    "precision": 1.0,
    "recall": 0.98,
    "f1-score": 0.98989898989899,
    "support": 50,
    "confused_with": {}
  },
  "possible_promotion": {
    "precision": 0.9552238805970149,
    "recall": 0.8205128205128205,
    "f1-score": 0.8827586206896552,
    "support": 78,
    "confused_with": {
      "pizza_amount": 12
    }
  },
  "client_name": {
    "precision": 1.0,
    "recall": 0.5714285714285714,
    "f1-score": 0.7272727272727273,
    "support": 14,
    "confused_with": {}
  },
  "delivery_address": {
    "precision": 0.9714285714285714,
    "recall": 0.8947368421052632,
    "f1-score": 0.9315068493150684,
    "support": 38,
    "confused_with": {}
  },
  "pizza_amount": {
    "precision": 0.7333333333333333,
    "recall": 1.0,
    "f1-score": 0.846153846153846,
    "support": 33,
    "confused_with": {}
  },
  "micro avg": {
    "precision": 0.9330855018587361,
    "recall": 0.9061371841155235,
    "f1-score": 0.9194139194139194,
    "support": 277
  },
  "macro avg": {
    "precision": 0.9515458422174841,
    "recall": 0.9052859987680271,
    "f1-score": 0.9176808068771293,
    "support": 277
  },
  "weighted avg": {
    "precision": 0.9446547561316676,
    "recall": 0.9061371841155235,
    "f1-score": 0.9183045111074618,
    "support": 277
  },
  "accuracy": 0.9656652360515021
}