{
  "phone_number": {
    "precision": 1.0,
    "recall": 1.0,
    "f1-score": 1.0,
    "support": 6,
    "confused_with": {}
  },
  "pizza_size": {
    "precision": 0.9285714285714286,
    "recall": 0.9512195121951219,
    "f1-score": 0.9397590361445782,
    "support": 41,
    "confused_with": {
      "pizza_type": 1
    }
  },
  "pizza_crust": {
    "precision": 1.0,
    "recall": 1.0,
    "f1-score": 1.0,
    "support": 15,
    "confused_with": {}
  },
  "pizza_type": {
    "precision": 0.9148936170212766,
    "recall": 0.9347826086956522,
    "f1-score": 0.924731182795699,
    "support": 46,
    "confused_with": {
      "pizza_size": 1
    }
  },
  "possible_promotion": {
    "precision": 1.0,
    "recall": 0.9382716049382716,
    "f1-score": 0.9681528662420382,
    "support": 81,
    "confused_with": {
      "pizza_type": 1
    }
  },
  "client_name": {
    "precision": 1.0,
    "recall": 0.7272727272727273,
    "f1-score": 0.8421052631578948,
    "support": 22,
    "confused_with": {}
  },
  "delivery_address": {
    "precision": 1.0,
    "recall": 0.9696969696969697,
    "f1-score": 0.9846153846153847,
    "support": 33,
    "confused_with": {}
  },
  "pizza_amount": {
    "precision": 1.0,
    "recall": 1.0,
    "f1-score": 1.0,
    "support": 27,
    "confused_with": {}
  },
  "micro avg": {
    "precision": 0.9731800766283525,
    "recall": 0.9372693726937269,
    "f1-score": 0.9548872180451127,
    "support": 271
  },
  "macro avg": {
    "precision": 0.9804331306990881,
    "recall": 0.9401554278498429,
    "f1-score": 0.9574204666194495,
    "support": 271
  },
  "weighted avg": {
    "precision": 0.9747473614553774,
    "recall": 0.9372693726937269,
    "f1-score": 0.953899485379765,
    "support": 271
  },
  "accuracy": 0.9748502994011976
}