{
  "phone_number": {
    "precision": 1.0,
    "recall": 1.0,
    "f1-score": 1.0,
    "support": 6,
    "confused_with": {}
  },
  "pizza_crust": {
    "precision": 1.0,
    "recall": 1.0,
    "f1-score": 1.0,
    "support": 18,
    "confused_with": {}
  },
  "pizza_type": {
    "precision": 0.9137931034482759,
    "recall": 0.8688524590163934,
    "f1-score": 0.8907563025210085,
    "support": 61,
    "confused_with": {
      "pizza_size": 1
    }
  },
  "pizza_size": {
    "precision": 0.8636363636363636,
    "recall": 0.95,
    "f1-score": 0.9047619047619048,
    "support": 40,
    "confused_with": {}
  },
  "possible_promotion": {
    "precision": 0.9135802469135802,
    "recall": 0.9487179487179487,
    "f1-score": 0.9308176100628931,
    "support": 78,
    "confused_with": {
      "pizza_type": 4
    }
  },
  "client_name": {
    "precision": 1.0,
    "recall": 0.7647058823529411,
    "f1-score": 0.8666666666666666,
    "support": 17,
    "confused_with": {
      "delivery_address": 1
    }
  },
  "delivery_address": {
    "precision": 0.9512195121951219,
    "recall": 0.8863636363636364,
    "f1-score": 0.9176470588235294,
    "support": 44,
    "confused_with": {
      "pizza_size": 1
    }
  },
  "pizza_amount": {
    "precision": 0.9655172413793104,
    "recall": 0.9655172413793104,
    "f1-score": 0.9655172413793104,
    "support": 29,
    "confused_with": {
      "pizza_size": 1
    }
  },
  "micro avg": {
    "precision": 0.9275862068965517,
    "recall": 0.9180887372013652,
    "f1-score": 0.9228130360205831,
    "support": 293
  },
  "macro avg": {
    "precision": 0.9509683084465815,
    "recall": 0.9230196459787787,
    "f1-score": 0.934520848026914,
    "support": 293
  },
  "weighted avg": {
    "precision": 0.9296919851591946,
    "recall": 0.9180887372013652,
    "f1-score": 0.922321461265297,
    "support": 293
  },
  "accuracy": 0.9620123203285421
}