{
  "phone_number": {
    "precision": 1.0,
    "recall": 1.0,
    "f1-score": 1.0,
    "support": 6,
    "confused_with": {}
  },
  "pizza_size": {
    "precision": 0.8636363636363636,
    "recall": 0.926829268292683,
    "f1-score": 0.8941176470588236,
    "support": 41,
    "confused_with": {
      "possible_promotion": 1
    }
  },
  "pizza_crust": {
    "precision": 1.0,
    "recall": 1.0,
    "f1-score": 1.0,
    "support": 15,
    "confused_with": {}
  },
  "pizza_type": {
    "precision": 0.8333333333333334,
    "recall": 0.9782608695652174,
    "f1-score": 0.9,
    "support": 46,
    "confused_with": {
      "pizza_size": 1
    }
  },
  "possible_promotion": {
    "precision": 0.8586956521739131,
    "recall": 0.9404761904761905,
    "f1-score": 0.8977272727272727,
    "support": 84,
    "confused_with": {
      "pizza_type": 1
    }
  },
  "client_name": {
    "precision": 0.9411764705882353,
    "recall": 0.7272727272727273,
    "f1-score": 0.8205128205128205,
    "support": 22,
    "confused_with": {
      "pizza_type": 4,
      "delivery_address": 2
    }
  },
  "delivery_address": {
    "precision": 0.9473684210526315,
    "recall": 1.0,
    "f1-score": 0.972972972972973,
    "support": 36,
    "confused_with": {}
  },
  "pizza_amount": {
    "precision": 0.9615384615384616,
    "recall": 0.9259259259259259,
    "f1-score": 0.9433962264150944,
    "support": 27,
    "confused_with": {
      "possible_promotion": 2
    }
  },
  "micro avg": {
    "precision": 0.8904109589041096,
    "recall": 0.9386281588447654,
    "f1-score": 0.913884007029877,
    "support": 277
  },
  "macro avg": {
    "precision": 0.9257185877903673,
    "recall": 0.937345622691593,
    "f1-score": 0.9285908674608729,
    "support": 277
  },
  "weighted avg": {
    "precision": 0.8940272310375715,
    "recall": 0.9386281588447654,
    "f1-score": 0.9134220997473621,
    "support": 277
  },
  "accuracy": 0.9573991031390134
}