{
  "phone_number": {
    "precision": 1.0,
    "recall": 1.0,
    "f1-score": 1.0,
    "support": 6,
    "confused_with": {}
  },
  "pizza_size": {
    "precision": 0.95,
    "recall": 0.926829268292683,
    "f1-score": 0.9382716049382716,
    "support": 41,
    "confused_with": {
      "possible_promotion": 1
    }
  },
  "pizza_crust": {
    "precision": 1.0,
    "recall": 1.0,
    "f1-score": 1.0,
    "support": 17,
    "confused_with": {}
  },
  "pizza_type": {
    "precision": 0.94,
    "recall": 0.94,
    "f1-score": 0.94,
    "support": 50,
    "confused_with": {}
  },
  "possible_promotion": {
    "precision": 0.9135802469135802,
    "recall": 0.9487179487179487,
    "f1-score": 0.9308176100628931,
    "support": 78,
    "confused_with": {
      "pizza_amount": 3
    }
  },
  "client_name": {
    "precision": 1.0,
    "recall": 0.8571428571428571,
    "f1-score": 0.923076923076923,
    "support": 14,
    "confused_with": {
      "pizza_type": 1
    }
  },
  "delivery_address": {
    "precision": 1.0,
    "recall": 1.0,
    "f1-score": 1.0,
    "support": 38,
    "confused_with": {}
  },
  "pizza_amount": {
    "precision": 0.9142857142857143,
    "recall": 0.9696969696969697,
    "f1-score": 0.9411764705882354,
    "support": 33,
    "confused_with": {
      "possible_promotion": 1
    }
  },
  "micro avg": {
    "precision": 0.946236559139785,
    "recall": 0.9530685920577617,
    "f1-score": 0.9496402877697842,
    "support": 277
  },
  "macro avg": {
    "precision": 0.9647332451499118,
    "recall": 0.9552983804813073,
    "f1-score": 0.9591678260832904,
    "support": 277
  },
  "weighted avg": {
    "precision": 0.9472226997497755,
    "recall": 0.9530685920577617,
    "f1-score": 0.9496563532125037,
    "support": 277
  },
  "accuracy": 0.9763948497854077
}