{
  "phone_number": {
    "precision": 0.8571428571428571,
    "recall": 1.0,
    "f1-score": 0.923076923076923,
    "support": 6,
    "confused_with": {}
  },
  "pizza_size": {
    "precision": 0.8695652173913043,
    "recall": 0.975609756097561,
    "f1-score": 0.9195402298850575,
    "support": 41,
    "confused_with": {}
  },
  "pizza_crust": {
    "precision": 1.0,
    "recall": 1.0,
    "f1-score": 1.0,
    "support": 17,
    "confused_with": {}
  },
  "pizza_type": {
    "precision": 0.9795918367346939,
    "recall": 0.96,
    "f1-score": 0.9696969696969697,
    "support": 50,
    "confused_with": {}
  },
  "possible_promotion": {
    "precision": 1.0,
    "recall": 0.9066666666666666,
    "f1-score": 0.9510489510489509,
    "support": 75,
    "confused_with": {
      "pizza_size": 5,
      "pizza_type": 1
    }
  },
  "client_name": {
    "precision": 1.0,
    "recall": 0.5714285714285714,
    "f1-score": 0.7272727272727273,
    "support": 14,
    "confused_with": {}
  },
  "delivery_address": {
    "precision": 1.0,
    "recall": 0.8857142857142857,
    "f1-score": 0.9393939393939393,
    "support": 35,
    "confused_with": {
      "phone_number": 1
    }
  },
  "pizza_amount": {
    "precision": 1.0,
    "recall": 0.9696969696969697,
    "f1-score": 0.9846153846153847,
    "support": 33,
    "confused_with": {}
  },
  "micro avg": {
    "precision": 0.9689922480620154,
    "recall": 0.922509225092251,
    "f1-score": 0.9451795841209831,
    "support": 271
  },
  "macro avg": {
    "precision": 0.9632874889086069,
    "recall": 0.9086395312005068,
    "f1-score": 0.9268306406237441,
    "support": 271
  },
  "weighted avg": {
    "precision": 0.9733380918547428,
    "recall": 0.922509225092251,
    "f1-score": 0.9431957362737359,
    "support": 271
  },
  "accuracy": 0.9748283752860412
}