{
  "phone_number": {
    "precision": 1.0,
    "recall": 1.0,
    "f1-score": 1.0,
    "support": 6,
    "confused_with": {}
  },
  "pizza_size": {
    "precision": 0.9069767441860465,
    "recall": 0.9512195121951219,
    "f1-score": 0.9285714285714286,
    "support": 41,
    "confused_with": {}
  },
  "pizza_crust": {
    "precision": 1.0,
    "recall": 1.0,
    "f1-score": 1.0,
    "support": 15,
    "confused_with": {}
  },
  "pizza_type": {
    "precision": 0.8461538461538461,
    "recall": 0.9565217391304348,
    "f1-score": 0.8979591836734695,
    "support": 46,
    "confused_with": {
      "pizza_size": 1,
      "delivery_address": 1
    }
  },
  "possible_promotion": {
    "precision": 0.8421052631578947,
    "recall": 0.9523809523809523,
    "f1-score": 0.8938547486033519,
    "support": 84,
    "confused_with": {
      "pizza_type": 1
    }
  },
  "client_name": {
    "precision": 1.0,
    "recall": 0.8181818181818182,
    "f1-score": 0.9,
    "support": 22,
    "confused_with": {
      "delivery_address": 3
    }
  },
  "delivery_address": {
    "precision": 0.8717948717948718,
    "recall": 0.9444444444444444,
    "f1-score": 0.9066666666666667,
    "support": 36,
    "confused_with": {}
  },
  "pizza_amount": {
    "precision": 1.0,
    "recall": 0.8888888888888888,
    "f1-score": 0.9411764705882353,
    "support": 27,
    "confused_with": {
      "possible_promotion": 3
    }
  },
  "micro avg": {
    "precision": 0.8904109589041096,
    "recall": 0.9386281588447654,
    "f1-score": 0.913884007029877,
    "support": 277
  },
  "macro avg": {
    "precision": 0.9333788406615824,
    "recall": 0.9389546694027076,
    "f1-score": 0.933528562262894,
    "support": 277
  },
  "weighted avg": {
    "precision": 0.8961392813161855,
    "recall": 0.9386281588447654,
    "f1-score": 0.9144877783717403,
    "support": 277
  },
  "accuracy": 0.9551569506726457
}