{
  "phone_number": {
    "precision": 1.0,
    "recall": 1.0,
    "f1-score": 1.0,
    "support": 6,
    "confused_with": {}
  },
  "pizza_size": {
    "precision": 0.9523809523809523,
    "recall": 0.975609756097561,
    "f1-score": 0.963855421686747,
    "support": 41,
    "confused_with": {}
  },
  "pizza_crust": {
    "precision": 1.0,
    "recall": 1.0,
    "f1-score": 1.0,
    "support": 17,
    "confused_with": {}
  },
  "pizza_type": {
    "precision": 0.9423076923076923,
    "recall": 0.98,
    "f1-score": 0.9607843137254902,
    "support": 50,
    "confused_with": {}
  },
  "possible_promotion": {
    "precision": 0.9746835443037974,
    "recall": 0.9871794871794872,
    "f1-score": 0.980891719745223,
    "support": 78,
    "confused_with": {}
  },
  "client_name": {
    "precision": 1.0,
    "recall": 0.9285714285714286,
    "f1-score": 0.962962962962963,
    "support": 14,
    "confused_with": {
      "pizza_type": 1
    }
  },
  "delivery_address": {
    "precision": 1.0,
    "recall": 1.0,
    "f1-score": 1.0,
    "support": 38,
    "confused_with": {}
  },
  "pizza_amount": {
    "precision": 1.0,
    "recall": 1.0,
    "f1-score": 1.0,
    "support": 33,
    "confused_with": {}
  },
  "micro avg": {
    "precision": 0.975,
    "recall": 0.9855595667870036,
    "f1-score": 0.9802513464991024,
    "support": 277
  },
  "macro avg": {
    "precision": 0.9836715236240552,
    "recall": 0.9839200839810596,
    "f1-score": 0.983561802265053,
    "support": 277
  },
  "weighted avg": {
    "precision": 0.9754090979014435,
    "recall": 0.9855595667870036,
    "f1-score": 0.9803188577510471,
    "support": 277
  },
  "accuracy": 0.9892703862660944
}