{
  "phone_number": {
    "precision": 1.0,
    "recall": 1.0,
    "f1-score": 1.0,
    "support": 6,
    "confused_with": {}
  },
  "pizza_size": {
    "precision": 0.7407407407407407,
    "recall": 0.975609756097561,
    "f1-score": 0.8421052631578947,
    "support": 41,
    "confused_with": {}
  },
  "pizza_crust": {
    "precision": 1.0,
    "recall": 1.0,
    "f1-score": 1.0,
    "support": 17,
    "confused_with": {}
  },
  "pizza_type": {
    "precision": 0.96,
    "recall": 0.96,
    "f1-score": 0.96,
    "support": 50,
    "confused_with": {}
  },
  "possible_promotion": {
    "precision": 0.7551020408163265,
    "recall": 0.47435897435897434,
    "f1-score": 0.5826771653543307,
    "support": 78,
    "confused_with": {
      "pizza_amount": 27,
      "pizza_size": 11
    }
  },
  "client_name": {
    "precision": 1.0,
    "recall": 0.7857142857142857,
    "f1-score": 0.88,
    "support": 14,
    "confused_with": {}
  },
  "delivery_address": {
    "precision": 1.0,
    "recall": 0.9210526315789473,
    "f1-score": 0.958904109589041,
    "support": 38,
    "confused_with": {}
  },
  "pizza_amount": {
    "precision": 0.5178571428571429,
    "recall": 0.8787878787878788,
    "f1-score": 0.651685393258427,
    "support": 33,
    "confused_with": {
      "possible_promotion": 3,
      "pizza_size": 1
    }
  },
  "micro avg": {
    "precision": 0.802158273381295,
    "recall": 0.8050541516245487,
    "f1-score": 0.8036036036036036,
    "support": 277
  },
  "macro avg": {
    "precision": 0.8717124905517762,
    "recall": 0.874440440817206,
    "f1-score": 0.8594214914199617,
    "support": 277
  },
  "weighted avg": {
    "precision": 0.8280058312936085,
    "recall": 0.8050541516245487,
    "f1-score": 0.798697143787087,
    "support": 277
  },
  "accuracy": 0.9291845493562232
}