{
  "phone_number": {
    "precision": 1.0,
    "recall": 1.0,
    "f1-score": 1.0,
    "support": 6,
    "confused_with": {}
  },
  "pizza_size": {
    "precision": 0.9523809523809523,
    "recall": 0.975609756097561,
    "f1-score": 0.963855421686747,
    "support": 41,
    "confused_with": {}
  },
  "pizza_crust": {
    "precision": 1.0,
    "recall": 1.0,
    "f1-score": 1.0,
    "support": 17,
    "confused_with": {}
  },
  "pizza_type": {
    "precision": 0.94,
    "recall": 0.94,
    "f1-score": 0.94,
    "support": 50,
    "confused_with": {}
  },
  "possible_promotion": {
    "precision": 0.926829268292683,
    "recall": 0.9743589743589743,
    "f1-score": 0.9500000000000001,
    "support": 78,
    "confused_with": {}
  },
  "client_name": {
    "precision": 0.9230769230769231,
    "recall": 0.8571428571428571,
    "f1-score": 0.888888888888889,
    "support": 14,
    "confused_with": {
      "pizza_type": 1
    }
  },
  "delivery_address": {
    "precision": 1.0,
    "recall": 1.0,
    "f1-score": 1.0,
    "support": 38,
    "confused_with": {}
  },
  "pizza_amount": {
    "precision": 1.0,
    "recall": 0.9696969696969697,
    "f1-score": 0.9846153846153847,
    "support": 33,
    "confused_with": {}
  },
  "micro avg": {
    "precision": 0.9571428571428572,
    "recall": 0.9675090252707581,
    "f1-score": 0.9622980251346498,
    "support": 277
  },
  "macro avg": {
    "precision": 0.9677858929688198,
    "recall": 0.9646010696620453,
    "f1-score": 0.9659199618988776,
    "support": 277
  },
  "weighted avg": {
    "precision": 0.9576295267058672,
    "recall": 0.9675090252707581,
    "f1-score": 0.9622917849310787,
    "support": 277
  },
  "accuracy": 0.9785407725321889
}