{
  "phone_number": {
    "precision": 1.0,
    "recall": 1.0,
    "f1-score": 1.0,
    "support": 6,
    "confused_with": {}
  },
  "pizza_size": {
    "precision": 0.8837209302325582,
    "recall": 0.926829268292683,
    "f1-score": 0.9047619047619047,
    "support": 41,
    "confused_with": {
      "pizza_amount": 1
    }
  },
  "pizza_crust": {
    "precision": 1.0,
    "recall": 1.0,
    "f1-score": 1.0,
    "support": 15,
    "confused_with": {}
  },
  "pizza_type": {
    "precision": 0.8181818181818182,
    "recall": 0.9782608695652174,
    "f1-score": 0.8910891089108911,
    "support": 46,
    "confused_with": {
      "pizza_size": 1
    }
  },
  "possible_promotion": {
    "precision": 0.8876404494382022,
    "recall": 0.9404761904761905,
    "f1-score": 0.9132947976878611,
    "support": 84,
    "confused_with": {
      "pizza_type": 2
    }
  },
  "client_name": {
    "precision": 0.9411764705882353,
    "recall": 0.7272727272727273,
    "f1-score": 0.8205128205128205,
    "support": 22,
    "confused_with": {
      "pizza_type": 4,
      "delivery_address": 2
    }
  },
  "delivery_address": {
    "precision": 0.9459459459459459,
    "recall": 0.9722222222222222,
    "f1-score": 0.9589041095890412,
    "support": 36,
    "confused_with": {}
  },
  "pizza_amount": {
    "precision": 0.9642857142857143,
    "recall": 1.0,
    "f1-score": 0.9818181818181818,
    "support": 27,
    "confused_with": {}
  },
  "micro avg": {
    "precision": 0.9,
    "recall": 0.9422382671480144,
    "f1-score": 0.9206349206349206,
    "support": 277
  },
  "macro avg": {
    "precision": 0.9301189160840593,
    "recall": 0.94313265972863,
    "f1-score": 0.9337976154100875,
    "support": 277
  },
  "weighted avg": {
    "precision": 0.9033442968282204,
    "recall": 0.9422382671480144,
    "f1-score": 0.9201553105288731,
    "support": 277
  },
  "accuracy": 0.9607623318385651
}