{
  "phone_number": {
    "precision": 0.5,
    "recall": 0.16666666666666666,
    "f1-score": 0.25,
    "support": 6,
    "confused_with": {}
  },
  "pizza_size": {
    "precision": 0.95,
    "recall": 0.926829268292683,
    "f1-score": 0.9382716049382716,
    "support": 41,
    "confused_with": {}
  },
  "pizza_crust": {
    "precision": 1.0,
    "recall": 1.0,
    "f1-score": 1.0,
    "support": 17,
    "confused_with": {}
  },
  "pizza_type": {
    "precision": 0.8490566037735849,
    "recall": 0.9,
    "f1-score": 0.8737864077669903,
    "support": 50,
    "confused_with": {}
  },
  "possible_promotion": {
    "precision": 1.0,
    "recall": 0.8,
    "f1-score": 0.888888888888889,
    "support": 75,
    "confused_with": {
      "pizza_type": 6
    }
  },
  "client_name": {
    "precision": 1.0,
    "recall": 0.5714285714285714,
    "f1-score": 0.7272727272727273,
    "support": 14,
    "confused_with": {}
  },
  "delivery_address": {
    "precision": 1.0,
    "recall": 0.8,
    "f1-score": 0.888888888888889,
    "support": 35,
    "confused_with": {}
  },
  "pizza_amount": {
    "precision": 0.9230769230769231,
    "recall": 0.7272727272727273,
    "f1-score": 0.8135593220338984,
    "support": 33,
    "confused_with": {
      "phone_number": 1
    }
  },
  "micro avg": {
    "precision": 0.9444444444444444,
    "recall": 0.8154981549815498,
    "f1-score": 0.8752475247524751,
    "support": 271
  },
  "macro avg": {
    "precision": 0.9027666908563136,
    "recall": 0.736524654207581,
    "f1-score": 0.7975834799737083,
    "support": 271
  },
  "weighted avg": {
    "precision": 0.9441489618089214,
    "recall": 0.8154981549815498,
    "f1-score": 0.8688764198432962,
    "support": 271
  },
  "accuracy": 0.9393592677345538
}