{
  "phone_number": {
    "precision": 1.0,
    "recall": 1.0,
    "f1-score": 1.0,
    "support": 6,
    "confused_with": {}
  },
  "pizza_size": {
    "precision": 0.9069767441860465,
    "recall": 0.9512195121951219,
    "f1-score": 0.9285714285714286,
    "support": 41,
    "confused_with": {}
  },
  "pizza_crust": {
    "precision": 1.0,
    "recall": 1.0,
    "f1-score": 1.0,
    "support": 15,
    "confused_with": {}
  },
  "pizza_type": {
    "precision": 0.8679245283018868,
    "recall": 1.0,
    "f1-score": 0.9292929292929293,
    "support": 46,
    "confused_with": {}
  },
  "possible_promotion": {
    "precision": 0.8791208791208791,
    "recall": 0.9523809523809523,
    "f1-score": 0.9142857142857143,
    "support": 84,
    "confused_with": {
      "pizza_type": 1
    }
  },
  "client_name": {
    "precision": 1.0,
    "recall": 0.8636363636363636,
    "f1-score": 0.9268292682926829,
    "support": 22,
    "confused_with": {
      "delivery_address": 2,
      "pizza_type": 1
    }
  },
  "delivery_address": {
    "precision": 0.9230769230769231,
    "recall": 1.0,
    "f1-score": 0.9600000000000001,
    "support": 36,
    "confused_with": {}
  },
  "pizza_amount": {
    "precision": 1.0,
    "recall": 0.9629629629629629,
    "f1-score": 0.9811320754716981,
    "support": 27,
    "confused_with": {
      "possible_promotion": 1
    }
  },
  "micro avg": {
    "precision": 0.9143835616438356,
    "recall": 0.9638989169675091,
    "f1-score": 0.9384885764499121,
    "support": 277
  },
  "macro avg": {
    "precision": 0.9471373843357169,
    "recall": 0.9662749738969251,
    "f1-score": 0.9550139269893066,
    "support": 277
  },
  "weighted avg": {
    "precision": 0.9176443967163819,
    "recall": 0.9638989169675091,
    "f1-score": 0.9388437301771776,
    "support": 277
  },
  "accuracy": 0.9663677130044843
}