{
  "phone_number": {
    "precision": 1.0,
    "recall": 1.0,
    "f1-score": 1.0,
    "support": 6,
    "confused_with": {}
  },
  "pizza_size": {
    "precision": 0.851063829787234,
    "recall": 0.975609756097561,
    "f1-score": 0.9090909090909092,
    "support": 41,
    "confused_with": {}
  },
  "pizza_crust": {
    "precision": 1.0,
    "recall": 1.0,
    "f1-score": 1.0,
    "support": 17,
    "confused_with": {}
  },
  "pizza_type": {
    "precision": 0.9056603773584906,
    "recall": 0.96,
    "f1-score": 0.9320388349514563,
    "support": 50,
    "confused_with": {}
  },
  "possible_promotion": {
    "precision": 0.7446808510638298,
    "recall": 0.44871794871794873,
    "f1-score": 0.56,
    "support": 78,
    "confused_with": {
      "pizza_amount": 24
    }
  },
  "client_name": {
    "precision": 0.8461538461538461,
    "recall": 0.7857142857142857,
    "f1-score": 0.8148148148148148,
    "support": 14,
    "confused_with": {}
  },
  "delivery_address": {
    "precision": 0.9696969696969697,
    "recall": 0.8421052631578947,
    "f1-score": 0.9014084507042254,
    "support": 38,
    "confused_with": {
      "client_name": 2
    }
  },
  "pizza_amount": {
    "precision": 0.5714285714285714,
    "recall": 0.9696969696969697,
    "f1-score": 0.7191011235955056,
    "support": 33,
    "confused_with": {
      "pizza_size": 1
    }
  },
  "micro avg": {
    "precision": 0.8125,
    "recall": 0.7978339350180506,
    "f1-score": 0.8051001821493625,
    "support": 277
  },
  "macro avg": {
    "precision": 0.8610855556861177,
    "recall": 0.8727305279230825,
    "f1-score": 0.8545567666446139,
    "support": 277
  },
  "weighted avg": {
    "precision": 0.8260416022525682,
    "recall": 0.7978339350180506,
    "f1-score": 0.7940286448849089,
    "support": 277
  },
  "accuracy": 0.9227467811158798
}