{
  "phone_number": {
    "precision": 1.0,
    "recall": 1.0,
    "f1-score": 1.0,
    "support": 6,
    "confused_with": {}
  },
  "pizza_crust": {
    "precision": 1.0,
    "recall": 1.0,
    "f1-score": 1.0,
    "support": 18,
    "confused_with": {}
  },
  "pizza_type": {
    "precision": 0.921875,
    "recall": 0.9672131147540983,
    "f1-score": 0.944,
    "support": 61,
    "confused_with": {
      "pizza_size": 1
    }
  },
  "pizza_size": {
    "precision": 0.9487179487179487,
    "recall": 0.925,
    "f1-score": 0.9367088607594937,
    "support": 40,
    "confused_with": {}
  },
  "possible_promotion": {
    "precision": 0.9512195121951219,
    "recall": 1.0,
    "f1-score": 0.975,
    "support": 78,
    "confused_with": {}
  },
  "client_name": {
    "precision": 1.0,
    "recall": 0.6470588235294118,
    "f1-score": 0.7857142857142858,
    "support": 17,
    "confused_with": {
      "pizza_type": 1
    }
  },
  "delivery_address": {
    "precision": 1.0,
    "recall": 0.9318181818181818,
    "f1-score": 0.9647058823529412,
    "support": 44,
    "confused_with": {}
  },
  "pizza_amount": {
    "precision": 1.0,
    "recall": 1.0,
    "f1-score": 1.0,
    "support": 29,
    "confused_with": {}
  },
  "micro avg": {
    "precision": 0.9620689655172414,
    "recall": 0.9522184300341296,
    "f1-score": 0.9571183533447685,
    "support": 293
  },
  "macro avg": {
    "precision": 0.9777265576141339,
    "recall": 0.9338862650127115,
    "f1-score": 0.9507661286033401,
    "support": 293
  },
  "weighted avg": {
    "precision": 0.963748173719923,
    "recall": 0.9522184300341296,
    "f1-score": 0.9553124781947168,
    "support": 293
  },
  "accuracy": 0.9763860369609856
}