{
  "pizza_crust": {
    "precision": 1.0,
    "recall": 1.0,
    "f1-score": 1.0,
    "support": 48,
    "confused_with": {}
  },
  "pizza_amount": {
    "precision": 0.8556701030927835,
    "recall": 1.0,
    "f1-score": 0.9222222222222222,
    "support": 83,
    "confused_with": {}
  },
  "pizza_type": {
    "precision": 1.0,
    "recall": 1.0,
    "f1-score": 1.0,
    "support": 195,
    "confused_with": {}
  },
  "client_name": {
    "precision": 1.0,
    "recall": 1.0,
    "f1-score": 1.0,
    "support": 57,
    "confused_with": {}
  },
  "phone_number": {
    "precision": 1.0,
    "recall": 1.0,
    "f1-score": 1.0,
    "support": 18,
    "confused_with": {}
  },
  "delivery_address": {
    "precision": 0.9929577464788732,
    "recall": 1.0,
    "f1-score": 0.9964664310954063,
    "support": 141,
    "confused_with": {}
  },
  "possible_promotion": {
    "precision": 1.0,
    "recall": 0.7142857142857143,
    "f1-score": 0.8333333333333333,
    "support": 49,
    "confused_with": {
      "pizza_amount": 14
    }
  },
  "pizza_size": {
    "precision": 1.0,
    "recall": 1.0,
    "f1-score": 1.0,
    "support": 128,
    "confused_with": {}
  },
  "micro avg": {
    "precision": 0.9791666666666666,
    "recall": 0.980528511821975,
    "f1-score": 0.9798471160528145,
    "support": 719
  },
  "macro avg": {
    "precision": 0.981078481196457,
    "recall": 0.9642857142857143,
    "f1-score": 0.9690027483313701,
    "support": 719
  },
  "weighted avg": {
    "precision": 0.9819578036303508,
    "recall": 0.980528511821975,
    "f1-score": 0.9789701593355076,
    "support": 719
  },
  "accuracy": 0.9942307692307693
}