{
  "pizza_size": {
    "precision": 0.9552238805970149,
    "recall": 0.96,
    "f1-score": 0.9576059850374063,
    "support": 200,
    "confused_with": {
      "possible_promotion": 1
    }
  },
  "possible_promotion": {
    "precision": 0.948780487804878,
    "recall": 0.9823232323232324,
    "f1-score": 0.9652605459057072,
    "support": 396,
    "confused_with": {
      "pizza_type": 2
    }
  },
  "delivery_address": {
    "precision": 0.9742268041237113,
    "recall": 0.9947368421052631,
    "f1-score": 0.984375,
    "support": 190,
    "confused_with": {}
  },
  "client_name": {
    "precision": 0.9753086419753086,
    "recall": 0.8494623655913979,
    "f1-score": 0.9080459770114943,
    "support": 93,
    "confused_with": {
      "pizza_type": 2
    }
  },
  "pizza_amount": {
    "precision": 0.967741935483871,
    "recall": 0.9868421052631579,
    "f1-score": 0.9771986970684038,
    "support": 152,
    "confused_with": {
      "possible_promotion": 1
    }
  },
  "pizza_type": {
    "precision": 0.9608540925266904,
    "recall": 0.9540636042402827,
    "f1-score": 0.9574468085106383,
    "support": 283,
    "confused_with": {
      "possible_promotion": 1
    }
  },
  "phone_number": {
    "precision": 1.0,
    "recall": 1.0,
    "f1-score": 1.0,
    "support": 29,
    "confused_with": {}
  },
  "pizza_crust": {
    "precision": 1.0,
    "recall": 1.0,
    "f1-score": 1.0,
    "support": 93,
    "confused_with": {}
  },
  "micro avg": {
    "precision": 0.9632963988919667,
    "recall": 0.9686629526462396,
    "f1-score": 0.9659722222222222,
    "support": 1436
  },
  "macro avg": {
    "precision": 0.9727669803139343,
    "recall": 0.9659285186904167,
    "f1-score": 0.9687416266917063,
    "support": 1436
  },
  "weighted avg": {
    "precision": 0.9635007856239173,
    "recall": 0.9686629526462396,
    "f1-score": 0.965693278419999,
    "support": 1436
  },
  "accuracy": 0.9819389661615113
}