{
  "config1": [
    [
      0.8822026103530404,
      0.8301982531954807,
      0.852983433338628,
      0.708606450586721
    ],
    [
      0.8697447394185339,
      0.8589315978577723,
      0.7871639173652596,
      0.7233407904548844
    ],
    [
      0.7671712583523456,
      0.7533875473986695,
      0.7612277343643993,
      0.6748901782703095
    ]
  ],
  "config2": [
    [
      0.8813145921521881,
      0.8494653539751864,
      0.8499262800127778,
      0.7339080236621889
    ],
    [
      0.8668047855099462,
      0.8432784218019117,
      0.7871876666533266,
      0.7102687511491301
    ],
    [
      0.8096369269217661,
      0.7601870152028748,
      0.7166904683683206,
      0.6795721981894989
    ]
  ],
  "config3": [
    [
      0.8683601443498172,
      0.8483226272497726,
      0.8568430160519078,
      0.7345377540717495
    ],
    [
      0.8842023029236028,
      0.8816016936230122,
      0.8084031729116609,
      0.7593419009526391
    ],
    [
      0.8083004328550402,
      0.7860305748633687,
      0.8022501802188521,
      0.6910466241740202
    ]
  ]
}