{
  "phone_number": {
    "precision": 1.0,
    "recall": 1.0,
    "f1-score": 1.0,
    "support": 6,
    "confused_with": {}
  },
  "pizza_size": {
    "precision": 0.9285714285714286,
    "recall": 0.9512195121951219,
    "f1-score": 0.9397590361445782,
    "support": 41,
    "confused_with": {
      "pizza_type": 1
    }
  },
  "pizza_crust": {
    "precision": 1.0,
    "recall": 1.0,
    "f1-score": 1.0,
    "support": 15,
    "confused_with": {}
  },
  "pizza_type": {
    "precision": 0.9361702127659575,
    "recall": 0.9565217391304348,
    "f1-score": 0.9462365591397849,
    "support": 46,
    "confused_with": {
      "pizza_size": 1
    }
  },
  "possible_promotion": {
    "precision": 1.0,
    "recall": 0.9382716049382716,
    "f1-score": 0.9681528662420382,
    "support": 81,
    "confused_with": {
      "pizza_type": 1
    }
  },
  "client_name": {
    "precision": 1.0,
    "recall": 0.8181818181818182,
    "f1-score": 0.9,
    "support": 22,
    "confused_with": {}
  },
  "delivery_address": {
    "precision": 1.0,
    "recall": 0.9696969696969697,
    "f1-score": 0.9846153846153847,
    "support": 33,
    "confused_with": {}
  },
  "pizza_amount": {
    "precision": 1.0,
    "recall": 1.0,
    "f1-score": 1.0,
    "support": 27,
    "confused_with": {}
  },
  "micro avg": {
    "precision": 0.9771863117870723,
    "recall": 0.948339483394834,
    "f1-score": 0.9625468164794008,
    "support": 271
  },
  "macro avg": {
    "precision": 0.9830927051671733,
    "recall": 0.954236455517827,
    "f1-score": 0.9673454807677233,
    "support": 271
  },
  "weighted avg": {
    "precision": 0.9783588869323343,
    "recall": 0.948339483394834,
    "f1-score": 0.9622497862002605,
    "support": 271
  },
  "accuracy": 0.9796407185628743
}