{
  "phone_number": {
    "precision": 1.0,
    "recall": 1.0,
    "f1-score": 1.0,
    "support": 6,
    "confused_with": {}
  },
  "pizza_size": {
    "precision": 0.9069767441860465,
    "recall": 0.9512195121951219,
    "f1-score": 0.9285714285714286,
    "support": 41,
    "confused_with": {}
  },
  "pizza_crust": {
    "precision": 1.0,
    "recall": 1.0,
    "f1-score": 1.0,
    "support": 15,
    "confused_with": {}
  },
  "pizza_type": {
    "precision": 0.8823529411764706,
    "recall": 0.9782608695652174,
    "f1-score": 0.9278350515463919,
    "support": 46,
    "confused_with": {
      "pizza_size": 1
    }
  },
  "possible_promotion": {
    "precision": 0.9333333333333333,
    "recall": 1.0,
    "f1-score": 0.9655172413793104,
    "support": 84,
    "confused_with": {}
  },
  "client_name": {
    "precision": 1.0,
    "recall": 0.8636363636363636,
    "f1-score": 0.9268292682926829,
    "support": 22,
    "confused_with": {
      "delivery_address": 2,
      "pizza_type": 1
    }
  },
  "delivery_address": {
    "precision": 0.9,
    "recall": 1.0,
    "f1-score": 0.9473684210526316,
    "support": 36,
    "confused_with": {}
  },
  "pizza_amount": {
    "precision": 1.0,
    "recall": 0.9629629629629629,
    "f1-score": 0.9811320754716981,
    "support": 27,
    "confused_with": {
      "possible_promotion": 1
    }
  },
  "micro avg": {
    "precision": 0.9310344827586207,
    "recall": 0.9747292418772563,
    "f1-score": 0.9523809523809523,
    "support": 277
  },
  "macro avg": {
    "precision": 0.9528328773369812,
    "recall": 0.9695099635449582,
    "f1-score": 0.959656685789268,
    "support": 277
  },
  "weighted avg": {
    "precision": 0.9334811617535941,
    "recall": 0.9747292418772563,
    "f1-score": 0.9524958928393294,
    "support": 277
  },
  "accuracy": 0.9753363228699552
}