{
  "phone_number": {
    "precision": 1.0,
    "recall": 1.0,
    "f1-score": 1.0,
    "support": 6,
    "confused_with": {}
  },
  "pizza_size": {
    "precision": 0.9523809523809523,
    "recall": 0.975609756097561,
    "f1-score": 0.963855421686747,
    "support": 41,
    "confused_with": {}
  },
  "pizza_crust": {
    "precision": 1.0,
    "recall": 1.0,
    "f1-score": 1.0,
    "support": 17,
    "confused_with": {}
  },
  "pizza_type": {
    "precision": 0.96,
    "recall": 0.96,
    "f1-score": 0.96,
    "support": 50,
    "confused_with": {}
  },
  "possible_promotion": {
    "precision": 0.9259259259259259,
    "recall": 0.9615384615384616,
    "f1-score": 0.9433962264150944,
    "support": 78,
    "confused_with": {}
  },
  "client_name": {
    "precision": 1.0,
    "recall": 0.9285714285714286,
    "f1-score": 0.962962962962963,
    "support": 14,
    "confused_with": {}
  },
  "delivery_address": {
    "precision": 1.0,
    "recall": 1.0,
    "f1-score": 1.0,
    "support": 38,
    "confused_with": {}
  },
  "pizza_amount": {
    "precision": 1.0,
    "recall": 0.9696969696969697,
    "f1-score": 0.9846153846153847,
    "support": 33,
    "confused_with": {}
  },
  "micro avg": {
    "precision": 0.96415770609319,
    "recall": 0.9711191335740073,
    "f1-score": 0.9676258992805756,
    "support": 277
  },
  "macro avg": {
    "precision": 0.9797883597883599,
    "recall": 0.9744270769880525,
    "f1-score": 0.9768537494600236,
    "support": 277
  },
  "weighted avg": {
    "precision": 0.9648730731763222,
    "recall": 0.9711191335740073,
    "f1-score": 0.9677861629000837,
    "support": 277
  },
  "accuracy": 0.98068669527897
}