{
  "phone_number": {
    "precision": 1.0,
    "recall": 1.0,
    "f1-score": 1.0,
    "support": 6,
    "confused_with": {}
  },
  "pizza_crust": {
    "precision": 1.0,
    "recall": 0.8333333333333334,
    "f1-score": 0.9090909090909091,
    "support": 18,
    "confused_with": {}
  },
  "pizza_type": {
    "precision": 0.9642857142857143,
    "recall": 0.8852459016393442,
    "f1-score": 0.923076923076923,
    "support": 61,
    "confused_with": {
      "pizza_size": 1
    }
  },
  "pizza_size": {
    "precision": 0.7037037037037037,
    "recall": 0.95,
    "f1-score": 0.8085106382978724,
    "support": 40,
    "confused_with": {}
  },
  "possible_promotion": {
    "precision": 0.8095238095238095,
    "recall": 0.21794871794871795,
    "f1-score": 0.3434343434343435,
    "support": 78,
    "confused_with": {
      "pizza_amount": 49,
      "pizza_size": 11
    }
  },
  "client_name": {
    "precision": 0.9166666666666666,
    "recall": 0.6470588235294118,
    "f1-score": 0.7586206896551724,
    "support": 17,
    "confused_with": {
      "delivery_address": 1
    }
  },
  "delivery_address": {
    "precision": 0.9767441860465116,
    "recall": 0.9545454545454546,
    "f1-score": 0.9655172413793104,
    "support": 44,
    "confused_with": {}
  },
  "pizza_amount": {
    "precision": 0.34615384615384615,
    "recall": 0.9310344827586207,
    "f1-score": 0.5046728971962617,
    "support": 29,
    "confused_with": {
      "possible_promotion": 1,
      "pizza_size": 1
    }
  },
  "micro avg": {
    "precision": 0.7368421052631579,
    "recall": 0.7167235494880546,
    "f1-score": 0.7266435986159169,
    "support": 293
  },
  "macro avg": {
    "precision": 0.8396347407975315,
    "recall": 0.8023958392193603,
    "f1-score": 0.7766154552663491,
    "support": 293
  },
  "weighted avg": {
    "precision": 0.8283650952910419,
    "recall": 0.7167235494880546,
    "f1-score": 0.7092643595721555,
    "support": 293
  },
  "accuracy": 0.9045174537987679
}